id,address,address2,tel,fax,category,prefecture,district,pic_appearance,pic_map,type,lat,lng
1,ฝ่ายลูกค้าสัมพันธ์,อาคารแคปปิตอลทาวเวอร์ออลซีซั่นส์เพลสชั้น12,1751,02-257-7920,สำนักงานใหญ่,กรุงเทพมหานคร,ปทุมวัน,[url],[url],HQ(call center),13.738833,100.547308
2,อาคารธนิยะชั้น2สีลม,ติดกับทางเชื่อมสถานีรถไฟศาลาแดง62ถนนสีลมกรุงเทพ10330,02-632-6700,02-632-6709,สึลม,กรุงเทพมหานคร,,,,Branch,13.728765,100.534002
3,บิ๊กซีเอ๊กซ์ตร้ารัชดา(คาร์ฟูร์เดิม),ชั้น1ข้างร้านเอ็มเค(MK),,,จุดให้บริการในกรุงเทพฯ และปริมณฑล,กรุงเทพมหานคร,,,,Servicepoint,13.7687103,100.571841
4,บิ๊กซีดาวคะนอง,ชั้น2เยื้องร้านบิ๊กคาเมร่า(Big Camera),,,จุดให้บริการในกรุงเทพฯ และปริมณฑล,กรุงเทพมหานคร,,,,Servicepoint,13.699069937,100.4824322462
5,N mark plaza (น้อมจิตต์บางกะปิ),ชั้น2หลังจอทีวีพลาสมาติดทางเชื่อมระหว่างเดอะมอลล์กับห้างน้อมจิตต์,,,จุดให้บริการในกรุงเทพฯ และปริมณฑล,กรุงเทพมหานคร,,,,Servicepoint,13.767742,100.642791
6,บิ๊กซีหัวหมาก(รามคำแหง),ชั้นใต้ดินตรงข้ามร้านดีแทค(DTAC),,,จุดให้บริการในกรุงเทพฯ และปริมณฑล,กรุงเทพมหานคร,,,,Servicepoint,13.7555201476,100.6128171086
7,บิ๊กซีสะพานใหม่,ชั้น1ข้างร้านโอเรียนทอลพริ๊นเซส(Oriental Princess),,,จุดให้บริการในกรุงเทพฯ และปริมณฑล,กรุงเทพมหานคร,,,,Servicepoint,13.890992,100.606296
8,บิ๊กซีพระราม2,ชั้น1หน้าร้านเอสแอนด์พี(S&P),,,จุดให้บริการในกรุงเทพฯ และปริมณฑล,กรุงเทพมหานคร,,,,Servicepoint,13.661469,100.440548
9,บางแคพลาซ่า,ตรงข้ามเดอะมอลล์บางแค36/4ม.4ซ.เพชรเกษม47/2ถ.เพชรเกษมแขวงบางแคเขตบางแคกทม.,,,จุดให้บริการในกรุงเทพฯ และปริมณฑล,กรุงเทพมหานคร,,,,Servicepoint,13.710333,100.408766
10,บิ๊กซีบางนา,ชั้น1ตรงข้ามเคเอฟซี(KFC)ติดร้านโอเรียนทอลพริ้นเซส(Oriental Princess),,,จุดให้บริการในกรุงเทพฯ และปริมณฑล,กรุงเทพมหานคร,,,,Servicepoint,13.668862,100.635734
11,บิ๊กซีราชดำริ,ชั้น3ข้างร้านบิ๊กคาเมร่า(Big Camera)บันไดเลื่อนฝั่งลานจอดรถ,,,จุดให้บริการในกรุงเทพฯ และปริมณฑล,กรุงเทพมหานคร,,,,Servicepoint,13.747168,100.541271
12,ตรงข้ามซีคอนสแควร์ศรีนครินทร์,13/31-32 ถ.ศรีนครินทร์แขวงหนองบอนเขตประเวศกทม.,,,จุดให้บริการในกรุงเทพฯ และปริมณฑล,กรุงเทพมหานคร,,,,Servicepoint,13.692899,100.647105
13,บิ๊กซีสะพานควาย,ชั้นใต้ดิน(ชั้นG)หน้าธนาคารไทยพาณิชย์,,,จุดให้บริการในกรุงเทพฯ และปริมณฑล,กรุงเทพมหานคร,,,,Servicepoint,13.791298,100.54956
14,บิ๊กซีแฟชั่นไอส์แลนด์มีนบุรี,ประตูทางเข้าบิ๊กซีชั้น2,,,จุดให้บริการในกรุงเทพฯ และปริมณฑล,กรุงเทพมหานคร,,,,Servicepoint,13.825621,100.678815
15,บิ๊กซีลาดพร้าว,ชั้น1หน้าจุดบริการลูกค้าบิ๊กซี,,,จุดให้บริการในกรุงเทพฯ และปริมณฑล,กรุงเทพมหานคร,,,,Servicepoint,13.785116,100.612709
16,บิ๊กซีเอ๊กซ์ตร้าพระราม4,ชั้น1ตรงข้ามสเวนเซ่นส์,,,จุดให้บริการในกรุงเทพฯ และปริมณฑล,กรุงเทพมหานคร,,,,Servicepoint,13.7187697764,100.5689120293
17,ยูเนี่ยนมอลล์,ชั้นF2 (ชั้น3)ข้างCoffee Today,,,จุดให้บริการในกรุงเทพฯ และปริมณฑล,กรุงเทพมหานคร,,,,Servicepoint,13.813775,100.56169
18,พรอมิสสาขาปิ่นเกล้า,เยื้องพาต้าปิ่นเกล้า,,,จุดให้บริการในกรุงเทพฯ และปริมณฑล,กรุงเทพมหานคร,,,,Servicepoint,13.770016,100.484394
19,บิ๊กซีวงศ์สว่าง,ชั้น1เยื้องธนาคารกสิกรไทยตึกบิ๊กซีซุปเปอร์เซ็นเตอร์(ร้านเวสเทิร์นยูเนี่ยนเดิม),,,จุดให้บริการในกรุงเทพฯ และปริมณฑล,กรุงเทพมหานคร,,,,Servicepoint,13.826595,100.528367
20,บิ๊กซี สุขาภิบาล 3,บิ๊กซีสุขาภิบาล3,,,จุดให้บริการในกรุงเทพฯ และปริมณฑล,กรุงเทพมหานคร,,,,Servicepoint,13.807551,100.726395
21,เซ็นเตอร์วัน(อนุเสาวรีย์ฯ),ชั้น1ลานโปรโมชั่นข้างบันไดหลังเสาLED,,,จุดให้บริการในกรุงเทพฯ และปริมณฑล,กรุงเทพมหานคร,,,,Servicepoint,13.76399,100.5393
22,บิ๊กซีเอ๊กซ์ตร้าอ่อนนุช,ชั้น1หน้าประตูเข้า-ออกบิ๊กซี,,,จุดให้บริการในกรุงเทพฯ และปริมณฑล,กรุงเทพมหานคร,,,,Servicepoint,13.7091910661,100.6015384197
23,บิ๊กซีเอ๊กซ์ตร้าเพชรเกษม,ชั้น1ตรงประตูทางเข้าด้านหน้าใกล้กับธนาคารกสิกรไทย,,,จุดให้บริการในกรุงเทพฯ และปริมณฑล,กรุงเทพมหานคร,,,,Servicepoint,13.7091597966,100.3667593002
24,บิ๊กซีนครปฐม,ชั้น2ใกล้จุดบริการลูกค้าตรงข้ามร้านขายยาเซฟดรัก(Save drug),,,จุดให้บริการในกรุงเทพฯ และปริมณฑล,นครปฐม,,,,Servicepoint,13.8126,100.072
25,บิ๊กซีอ้อมใหญ่,ชั้น1ตรงทางเดินหน้าร้านไอศครีมแดรี่ควีน(Dairy Queen)ใกล้สเวนเซ่นส์(Swensens)และเอสแอนด์พี(S&P),,,จุดให้บริการในกรุงเทพฯ และปริมณฑล,นครปฐม,,,,Servicepoint,13.7065175044,100.2812129259
26,บิ๊กซีเอ๊กซ์ตร้าบางใหญ่(คาร์ฟูร์เดิม),ชั้น2หน้าร้านดีแทค(DTAC),,,จุดให้บริการในกรุงเทพฯ และปริมณฑล,นนทบุรี,,,,Servicepoint,13.8815322127,100.4082155228
27,บิ๊กซีเอ๊กซ์ตร้าแจ้งวัฒนะ(คาร์ฟูร์เดิม),ชั้น1ประตูทางเข้าศูนย์อาหารตรงข้ามแมคโดนัลด์(MC Donald),,,จุดให้บริการในกรุงเทพฯ และปริมณฑล,นนทบุรี,,,,Servicepoint,13.9057000926,100.5148816109
28,โรบินสัน ศรีสมาน,ชั้น 2 หน้าธนาคารกรุงเทพ (ข้าง 3 BB),,,จุดให้บริการในกรุงเทพฯ และปริมณฑล,นนทบุรี,,,,Servicepoint,13.93942,100.552885
29,แกรนด์พลาซ่างามวงศ์วาน,(ห้างแกรนด์พลาซ่าอยู่ตรงข้ามกับThe Mallงามวงศ์วาน)ชั้น2โซนกลางลานโปรโมชั่น,,,จุดให้บริการในกรุงเทพฯ และปริมณฑล,นนทบุรี,,,,Servicepoint,13.856865,100.541747
30,บิ๊กซีติวานนท์,ชั้น1หน้าร้านเอ็มเค(MK),,,จุดให้บริการในกรุงเทพฯ และปริมณฑล,นนทบุรี,,,,Servicepoint,13.845001,100.510551
31,บิ๊กซีฟิวเจอร์ปาร์ครังสิต,ชั้น1หน้าร้านหนังสือซีเอ็ดบุ๊ค(SE-ED Book)ใกล้จุดบริการลูกค้า,,,จุดให้บริการในกรุงเทพฯ และปริมณฑล,ปทุมธานี,,,,Servicepoint,13.989313,100.617894
32,บิ๊กซีเอ๊กซ์ตร้าลำลูกกา(คลอง4),ชั้น1หน้าประตูทางเข้า-ออก(ฝั่งเอ็มเค),,,จุดให้บริการในกรุงเทพฯ และปริมณฑล,ปทุมธานี,,,,Servicepoint,13.9338589199,100.6821334362
33,บิ๊กซีบางพลี,ชั้น1ตรงข้ามร้านทองออโรร่า(AURORA),,,จุดให้บริการในกรุงเทพฯ และปริมณฑล,สมุทรปราการ,,,,Servicepoint,13.603787,100.708007
34,เมกาบางนา(Mega Bangna),ชั้น1ข้างเมืองไทยประกันชีวิต(เมกามันนี่โซน),,,จุดให้บริการในกรุงเทพฯ และปริมณฑล,สมุทรปราการ,,,,Servicepoint,13.646592,100.680267
35,บิ๊กซีสุขสวัสดิ์,ชั้น2ตรงข้ามร้านหอแว่น,,,จุดให้บริการในกรุงเทพฯ และปริมณฑล,สมุทรปราการ,,,,Servicepoint,13.653805,100.522381
36,บิ๊กซีสมุทรปราการ,ชั้น1ประตูทางเข้าหน้าธนาคารไทยพาณิชย์,,,จุดให้บริการในกรุงเทพฯ และปริมณฑล,สมุทรปราการ,,,,Servicepoint,13.584328,100.607022
37,อิมพีเรียลเวิลด์สำโรง,ชั้นใต้ดินข้างร้านพิซซ่า(The Pizza,,,จุดให้บริการในกรุงเทพฯ และปริมณฑล,สมุทรปราการ,,,,Servicepoint,13.649917,100.596763
38,บิ๊กซีกาญจนบุรี,ติดร้านไปรษณีย์,,,สาขา และจุดให้บริการต่างจังหวัด,กาญจนบุรี,,,,Servicepoint,14.048168,99.507695
39,บิ๊กซีกำแพงเพชร,ชั้น2ข้างบันไดเลื่อน(ฝั่งธนาคารออมสิน),,,สาขา และจุดให้บริการต่างจังหวัด,กำแพงเพชร,,,,Servicepoint,16.4741,99.5411
40,บิ๊กซีขอนแก่น,ชั้น2เยื้องจุดบริการลูกค้าบิ๊กซี,,,สาขา และจุดให้บริการต่างจังหวัด,ขอนแก่น,,,,Servicepoint,16.4247653916,102.819006443
41,พรอมิสสาขาขอนแก่น,เลขที่552/5ถนนหน้าเมืองต.ในเมืองอ.เมืองจ.ขอนแก่น40000,043-220-666,043-226-232,สาขา และจุดให้บริการต่างจังหวัด,ขอนแก่น,,,,Branch,16.423252,102.833193
42,บิ๊กซีจันทบุรี,ชั้น2ข้างบันไดเลื่อนหน้าโรงภาพยนตร์เมเจอร์(Major Cineplex),,,สาขา และจุดให้บริการต่างจังหวัด,จันทบุรี,,,,Servicepoint,12.59817,102.09929
43,บิ๊กซี-เมเจอร์ฉะเชิงเทรา,หน้าจุดบริการลูกค้าบิ๊กซี,,,สาขา และจุดให้บริการต่างจังหวัด,ฉะเชิงเทรา,,,,Servicepoint,13.6909,101.056
44,พรอมิสสาขาพัทยา,ข้างมูลนิธิคุณพ่อเรย์ตรงข้ามธ.ออมสิน,,,สาขา และจุดให้บริการต่างจังหวัด,ชลบุรี,,,,Servicepoint,12.938363,100.902363
45,แหลมทองบางแสน,ชั้น1ข้างร้านเอสแอนด์พี(ตรงข้ามท็อปมาร์เก็ต),,,สาขา และจุดให้บริการต่างจังหวัด,ชลบุรี,,,,Servicepoint,13.287114,100.926722
46,บิ๊กซีเอ๊กซ์ตร้าชลบุรี,ชั้น2หน้าร้านเอทูแซด(AIIZ),,,สาขา และจุดให้บริการต่างจังหวัด,ชลบุรี,,,,Servicepoint,13.30825536,100.9568117
47,ฮาร์เบอร์มอลล์(แหลมฉบัง),ชั้นGตรงข้ามร้านวัตสัน(Watsan),,,สาขา และจุดให้บริการต่างจังหวัด,ชลบุรี,,,,Servicepoint,13.079519,100.92181
48,พรอมิสสาขาชัยภูมิ,ตึกชัยปรีดาอพาร์ทเม้นท์เลขที่199/9หมู่7ต.ในเมืองอ.เมืองจ.ชัยภูมิ36000,044-818-220,044-818-221,สาขา และจุดให้บริการต่างจังหวัด,ชัยภูมิ,,,,Branch,15.803075,102.037496
49,พรอมิสสาขาเชียงราย,ถนนธนาลัย(เยื้องธนาคารธกส),,,สาขา และจุดให้บริการต่างจังหวัด,เชียงราย,,,,Servicepoint,19.908018,99.825972
50,บิ๊กซีเชียงใหม่(ดอนจั่น),ชั้น1หน้าร้านเคเอฟซี(KFC),,,สาขา และจุดให้บริการต่างจังหวัด,เชียงใหม่,,,,Servicepoint,18.769,99.033
51,บิ๊กซีหางดง,ชั้น 1 ตรงข้ามธนาคารกรุงเทพ,,,สาขา และจุดให้บริการต่างจังหวัด,เชียงใหม่,,,,Servicepoint,18.7449633234,98.9620837569
52,บิ๊กซีตรัง,ชั้น2ข้างบันไดเลื่อน(ฝั่งศูนย์อาหาร),,,สาขา และจุดให้บริการต่างจังหวัด,ตรัง,,,,Servicepoint,7.545004,99.6156
53,พรอมิสสาขานครราชสีมา,เลขที่230/30ถนนมิตรภาพต.ในเมืองอ.เมืองจ.นครราชสีมา30000,"044-243-411, 044-245-200",044-243-412,สาขา และจุดให้บริการต่างจังหวัด,นครราชสีมา,,,,Branch,14.986687,102.095657
54,ห้างสหไทยพลาซ่า,ชั้น2เยื้องทีโอที(TOT),,,สาขา และจุดให้บริการต่างจังหวัด,นครศรีธรรมราช,,,,Servicepoint,8.160437,99.675694
55,บิ๊กซีนครศรีธรรมราช,ข้างทางเข้าลานจอดรถบิ๊กซีซุปเปอร์มาร์เก็ต,,,สาขา และจุดให้บริการต่างจังหวัด,นครศรีธรรมราช,,,,Servicepoint,8.441263,99.963134
56,บิ๊กซีนครสวรรค์(วีสแควร์พลาซ่า),ชั้น2ตรงข้ามห้างทองโต๊ะกัง,,,สาขา และจุดให้บริการต่างจังหวัด,นครสวรรค์,,,,Servicepoint,15.6950568439,100.1213854551
57,บิ๊กซีบุรีรัมย์,หน้าร้านมิสเตอร์โดนัท(Mister Donut),,,สาขา และจุดให้บริการต่างจังหวัด,บุรีรัมย์,,,,Servicepoint,14.96988141,103.0818377
58,เทสโก้โลตัสนวนคร,ชั้น1ตรงข้ามสปอร์ตโดม,,,สาขา และจุดให้บริการต่างจังหวัด,ปทุมธานี,,,,Servicepoint,14.12042,100.617179
59,พรอมิสสาขาหัวหิน,ข้างธนาคารธอส.ระหว่างซอยหัวหิน80และ82,,,สาขา และจุดให้บริการต่างจังหวัด,ประจวบคีรีขันธ์,,,,Servicepoint,12.565308,99.959093
60,พรอมิสสาขาปราจีนบุรี,ตรงข้ามนิคมอุตสาหกรรม304 (ข้างตลาด304),,,สาขา และจุดให้บริการต่างจังหวัด,ปราจีนบุรี,,,,Servicepoint,13.917274,101.573278
61,บิ๊กซีเพชรบุรี,ชั้น1หน้าประตูเข้า-ออกห้างระหว่างเจมาร์ท(J-Mart)และเอสแอนด์พี(S&P),,,สาขา และจุดให้บริการต่างจังหวัด,เพชรบุรี,,,,Servicepoint,13.079,99.9482
62,บิ๊กซีเพชรบูรณ์,เยื้องร้านดีแทค(DTAC),,,สาขา และจุดให้บริการต่างจังหวัด,เพชรบูรณ์,,,,Servicepoint,16.39276,101.13233
63,บิ๊กซีพิษณุโลก,ชั้น2ตรงข้ามธนาคารกรุงเทพ,,,สาขา และจุดให้บริการต่างจังหวัด,พิษณุโลก,,,,Servicepoint,16.8158076757,100.2896565199
64,บิ๊กซีภูเก็ต,ชั้น1หน้าเคเอฟซี(KFC)ตรงประตูทางเข้าห้างฯ,,,สาขา และจุดให้บริการต่างจังหวัด,ภูเก็ต,,,,Servicepoint,7.8959,98.3674
65,ห้างเสริมไทยคอมเพล็กซ์(มหาสารคาม),ชั้น1หน้าโลตัสซุปเปอร์มาร์เก็ต,,,สาขา และจุดให้บริการต่างจังหวัด,มหาสารคาม,,,,Servicepoint,16.201523,103.27677
66,รอมิสสาขาร้อยเอ็ด,เลขที่56/6ถ.เทวาภิบาลต.ในเมืองอ.ร้อยเอ็ดจ.ร้อยเอ็ด45000,043-515-727,043-515-211,สาขา และจุดให้บริการต่างจังหวัด,ร้อยเอ็ด,,,,Branch,16.057909,103.631157
67,ซีเคพลาซ่า(ระยอง),ชั้น1หน้าประตูเข้า-ออกฝั่งบิ๊กซี,,,สาขา และจุดให้บริการต่างจังหวัด,ระยอง,,,,Servicepoint,12.984046,101.211958
68,แหลมทองระยอง,ชั้น2ติดร้านกล้องถ่ายรูปข้างบันไดเลื่อนลง,,,สาขา และจุดให้บริการต่างจังหวัด,ระยอง,,,,Servicepoint,12.6825764215,101.2425407767
69,บิ๊กซีราชบุรี,ชั้น1หน้ามิสเตอร์โดนัท(Mister Donut),,,สาขา และจุดให้บริการต่างจังหวัด,ราชบุรี,,,,Servicepoint,13.5506,99.8231
70,บิ๊กซีลพบุรี,ชั้น1เยื้องบันไดเลื่อนลงจากซุปเปอร์มาร์เก็ต,,,สาขา และจุดให้บริการต่างจังหวัด,ลพบุรี,,,,Servicepoint,14.7946,100.672
71,บิ๊กซีเลย,หน้าร้านเคเอฟซี(KFC),,,สาขา และจุดให้บริการต่างจังหวัด,เลย,,,,Servicepoint,17.462905,101.72789
72,บิ๊กซีลำปาง,ชั้น2ตรงข้ามร้านบิ๊กคาเมร่า,,,สาขา และจุดให้บริการต่างจังหวัด,ลำปาง,,,,Servicepoint,18.2755,99.4812
73,บิ๊กซีลำพูน,ชั้น1หน้าร้านเอ็มเค(MK),,,สาขา และจุดให้บริการต่างจังหวัด,ลำพูน,,,,Servicepoint,18.591,99.0412
74,พรอมิสสาขาศรีสะเกษ,เลขที่1199/2ถ.วิจิตรนครต.เมืองเหนืออ.เมืองจ.ศรีสะเกษ33000,045-643-656,045-643-649,สาขา และจุดให้บริการต่างจังหวัด,ศรีสะเกษ,,,,Branch,15.118865,104.333183
75,บิ๊กซีสกลนคร,ตรงข้ามจุดชำระค่าสินค้าบิ๊กซี(ฝั่งธนาคารกรุงเทพ),,,สาขา และจุดให้บริการต่างจังหวัด,สกลนคร,,,,Servicepoint,17.1596536636,104.1494250298
76,ถนนเพชร์เกษมเยื้องห้างสยามนครินทร์,489/17-489/18 ถ.เพชรเกษมต.หาดใหญ่อ.หาดใหญ่จ.สงขลา90110,,,สาขา และจุดให้บริการต่างจังหวัด,สงขลา,,,,Servicepoint,7.003314,100.491775
77,บิ๊กซีหาดใหญ่,ชั้น1หน้ามิสเตอร์โดนัท(Mister Donut),,,สาขา และจุดให้บริการต่างจังหวัด,สงขลา,,,,Servicepoint,7.03824,100.468
78,บิ๊กซีสมุทรสาคร(มหาชัย),ชั้น1ข้างร้านยาโยอิ(Yayoi),,,สาขา และจุดให้บริการต่างจังหวัด,สมุทรสาคร,,,,Servicepoint,13.5652,100.2726
79,บิ๊กซีสระแก้ว,ข้างร้านดีแทค,,,สาขา และจุดให้บริการต่างจังหวัด,สระแก้ว,,,,Servicepoint,13.81166,102.077149
80,ห้างทวีกิจสระบุรี,ชั้น 1 ใกล้ทางเข้าบิ๊กซี (Big C),,,สาขา และจุดให้บริการต่างจังหวัด,สระบุรี,,,,Servicepoint,14.523245,100.917936
81,พรอมิสสาขาสุพรรณบุรี,ถ.มาลัยแมนข้างแสนรักษ์รักษาสัตว์(ทางไปหอนาฬิกาบรรหาร-แจ่มใส),,,สาขา และจุดให้บริการต่างจังหวัด,สุพรรณบุรี,,,,Servicepoint,14.48044,100.127223
82,บิ๊กซีสุราษฎร์ธานี,ชั้น1หน้าศูนย์อาหาร,,,สาขา และจุดให้บริการต่างจังหวัด,สุราษฎร์ธานี,,,,Servicepoint,9.14819,99.3699
83,พรอมิสสาขาสุราษฎร์ธานี,ถนนชนเกษม(เยื้องธนาคารยูโอบี),,,สาขา และจุดให้บริการต่างจังหวัด,สุราษฎร์ธานี,,,,Servicepoint,9.139989,99.328332
84,บิ๊กซีสุรินทร์,ชั้น1ตรงข้ามร้านเคเอฟซี(KFC),,,สาขา และจุดให้บริการต่างจังหวัด,สุรินทร์,,,,Servicepoint,14.8723,103.51
85,อยุธยาปาร์ค,ชั้น1ข้างธ.ก.ส. (BAAC),,,สาขา และจุดให้บริการต่างจังหวัด,อยุธยา,,,,Servicepoint,14.335437,100.61092
86,บิ๊กซีอุดรธานี,ชั้น1ข้างร้านทรีบอรดแบรนด์(3BB),,,สาขา และจุดให้บริการต่างจังหวัด,อุดรธานี,,,,Servicepoint,17.3866,102.824
87,พรอมิสสาขาอุดรธานี,ถ.ประจักษ์เยื้องโรงเรียนอุดรวิทยา(รร.จีน),,,สาขา และจุดให้บริการต่างจังหวัด,อุดรธานี,,,,Servicepoint,17.406249,102.795311
88,โลตัสยูดีทาวน์,ติดร้านดังกิ้นโดนัท(Dunkin Donut),,,สาขา และจุดให้บริการต่างจังหวัด,อุดรธานี,,,,Servicepoint,17.401793,102.804765
89,อุบลราชธานี2,ถ.ธรรมวิถีข้างธ.กสิกรไทย(ตลาดนิกรธานี),,,สาขา และจุดให้บริการต่างจังหวัด,อุบลราชธานี,,,,Servicepoint,15.269709,104.83932
90,พรอมิสสาขาอุบลราชธานี,อาคารสินราชบุตรเลขที่47ชั้น1 (ห้อง102-103)ถนนราชบุตรต.ในเมืองอ.เมืองจ.อุบลราชธานี34000,"045-250-099, 045-250-100",045-243-717,สาขา และจุดให้บริการต่างจังหวัด,อุบลราชธานี,,,,Branch,15.226666,104.858558
